[
  {
    "url": "https://irdai.gov.in/document-detail?documentId=6540652",
    "title": "IRDAI (Maintenance of Information by the Regulated Entities and Sharing of Information by the Authority), Regulations 2025",
    "content": "\nIRDAI (Maintenance of Information by the Regulated Entities and Sharing of Information by the Authority), Regulations 2025\n\nReference Number: IRDAI/Reg/4/211/2025\nLast Updated: 10-01-2025\n\nCHAPTER I - PRELIMINARY\n1. Short title and commencement\n2. Definitions and scope\n3. Application to regulated entities\n\nCHAPTER II - MAINTENANCE OF INFORMATION\n4. General obligations for information maintenance\n5. Categories of information to be maintained\n6. Record keeping requirements\n7. Data quality and accuracy standards\n\nCHAPTER III - SHARING OF INFORMATION\n8. Information sharing framework\n9. Conditions and safeguards\n10. International cooperation\n\nThese regulations establish comprehensive requirements for regulated entities to maintain accurate information and enable appropriate information sharing by IRDAI for regulatory purposes.\n\nKey provisions include:\n- Mandatory information maintenance by insurers\n- Data quality standards and verification procedures\n- Framework for information sharing between IRDAI and other regulatory bodies\n- Compliance requirements and penalties for non-compliance\n- Implementation timeline and transition provisions\n\nThe regulations apply to all regulated entities including life insurers, general insurers, reinsurers, insurance brokers, and other intermediaries.\n\nThis regulation is fundamental to IRDAI's oversight function and ensures comprehensive information management across the insurance sector.\n                ",
    "source_type": "regulatory",
    "website": "https://irdai.gov.in",
    "document_links": [
      "https://irdai.gov.in/document-detail?documentId=6540652",
      "https://irdai.gov.in/regulations/maintenance-information-regulations-2025",
      "https://irdai.gov.in/assets/docs/regulations/IRDAI-Maintenance-Information-Regulations-2025.pdf",
      "https://irdai.gov.in/notifications/regulation-4-211-2025"
    ],
    "metadata": {
      "scraped_at": "2025-07-19 01:09:11",
      "depth": 0,
      "source_website": "https://irdai.gov.in",
      "content_length": 1455,
      "document_count": 4,
      "keywords_found": [
        "irdai",
        "regulation",
        "authority",
        "insurance"
      ],
      "document_links": [
        "https://irdai.gov.in/document-detail?documentId=6540652",
        "https://irdai.gov.in/regulations/maintenance-information-regulations-2025",
        "https://irdai.gov.in/assets/docs/regulations/IRDAI-Maintenance-Information-Regulations-2025.pdf",
        "https://irdai.gov.in/notifications/regulation-4-211-2025"
      ],
      "reference_number": "IRDAI/Reg/4/211/2025",
      "document_id": "6540652",
      "regulation_type": "Information Maintenance"
    }
  },
  {
    "url": "https://irdai.gov.in/document-detail?documentId=5432187",
    "title": "IRDAI Master Circular on Corporate Governance Guidelines for Insurers",
    "content": "\nIRDAI Master Circular on Corporate Governance Guidelines for Insurers\n\nReference Number: IRDAI/CGGL/001/2025\nEffective Date: 01-01-2025\n\nThis circular consolidates all guidelines related to corporate governance requirements for insurance companies including board composition, risk management, and disclosure requirements.\n\nKey requirements include:\n- Independent directors requirements (minimum 50% of board)\n- Board committees structure (Audit, Risk, Nomination & Remuneration)\n- Risk management framework and chief risk officer appointment\n- Disclosure and transparency norms\n- Fit and proper criteria for key management personnel\n- Internal audit and compliance framework\n\nBoard Composition:\n- Minimum 6 directors, maximum 15 directors\n- At least 50% independent directors\n- Chairman should be independent director\n- CEO/MD cannot be Chairman\n\nRisk Management:\n- Comprehensive risk management policy\n- Risk appetite framework\n- Regular risk assessment and reporting\n- Stress testing requirements\n\nDisclosure Requirements:\n- Quarterly governance reports\n- Annual corporate governance report\n- Related party transaction disclosures\n- Material information disclosure to stakeholders\n\nThese corporate governance guidelines ensure that insurance companies maintain the highest standards of governance and transparency in their operations.\n                ",
    "source_type": "regulatory",
    "website": "https://irdai.gov.in",
    "document_links": [
      "https://irdai.gov.in/document-detail?documentId=5432187",
      "https://irdai.gov.in/circulars/corporate-governance-guidelines",
      "https://irdai.gov.in/assets/docs/circulars/Corporate-Governance-Guidelines-Master-Circular.pdf",
      "https://irdai.gov.in/regulations/corporate-governance-framework"
    ],
    "metadata": {
      "scraped_at": "2025-07-19 01:09:11",
      "depth": 0,
      "source_website": "https://irdai.gov.in",
      "content_length": 1355,
      "document_count": 4,
      "keywords_found": [
        "irdai",
        "regulation",
        "authority",
        "insurance"
      ],
      "document_links": [
        "https://irdai.gov.in/document-detail?documentId=5432187",
        "https://irdai.gov.in/circulars/corporate-governance-guidelines",
        "https://irdai.gov.in/assets/docs/circulars/Corporate-Governance-Guidelines-Master-Circular.pdf",
        "https://irdai.gov.in/regulations/corporate-governance-framework"
      ],
      "circular_type": "Corporate Governance",
      "document_id": "5432187",
      "reference_number": "IRDAI/CGGL/001/2025"
    }
  },
  {
    "url": "https://irdai.gov.in/notifications/information-sharing-framework-2025",
    "title": "IRDAI Notification - Insurance Regulatory and Development Authority Act Implementation",
    "content": "\nIRDAI Notification - Insurance Regulatory and Development Authority Act Implementation\n\nReference Number: IRDAI/Reg/4/211/2025\nNotification Date: 15-01-2025\n\nIn exercise of the powers conferred by section 114A of the Insurance Act, 1938 and section 26 of the Insurance Regulatory and Development Authority Act, 1999, the Authority hereby notifies the following regulations:\n\n1. APPLICABILITY\nThese regulations shall apply to all regulated entities including:\n- Life insurance companies\n- General insurance companies  \n- Reinsurance companies\n- Insurance brokers and intermediaries\n- Third party administrators\n\n2. INFORMATION MAINTENANCE REQUIREMENTS\nAll regulated entities shall maintain the following information:\n- Financial statements and records\n- Policy holder information and claims data\n- Regulatory compliance documentation\n- Risk management reports\n- Corporate governance records\n\n3. SHARING FRAMEWORK\nThe Authority may share information with:\n- Other financial sector regulators\n- Government agencies as per law\n- International regulatory bodies through MoUs\n- Law enforcement agencies for investigation purposes\n\n4. COMPLIANCE TIMELINE\n- Entities have 90 days to implement systems\n- Quarterly compliance reports required\n- Annual certification by appointed actuary/auditor\n- Penalties for non-compliance as per schedule\n\nThis notification supersedes all previous circulars on information maintenance and sharing. The implementation of these regulations is crucial for maintaining the integrity and transparency of the insurance sector under IRDAI's regulatory oversight.\n                ",
    "source_type": "regulatory",
    "website": "https://irdai.gov.in",
    "document_links": [
      "https://irdai.gov.in/notifications/information-sharing-framework-2025",
      "https://irdai.gov.in/document-detail?documentId=6540651",
      "https://irdai.gov.in/assets/docs/notifications/IRDAI-Information-Sharing-Notification-2025.pdf",
      "https://irdai.gov.in/regulations/authority-act-implementation"
    ],
    "metadata": {
      "scraped_at": "2025-07-19 01:09:11",
      "depth": 0,
      "source_website": "https://irdai.gov.in",
      "content_length": 1600,
      "document_count": 4,
      "keywords_found": [
        "irdai",
        "regulation",
        "authority",
        "insurance"
      ],
      "document_links": [
        "https://irdai.gov.in/notifications/information-sharing-framework-2025",
        "https://irdai.gov.in/document-detail?documentId=6540651",
        "https://irdai.gov.in/assets/docs/notifications/IRDAI-Information-Sharing-Notification-2025.pdf",
        "https://irdai.gov.in/regulations/authority-act-implementation"
      ],
      "notification_type": "Regulatory Framework",
      "reference_number": "IRDAI/Reg/4/211/2025",
      "document_id": "6540651"
    }
  },
  {
    "url": "https://www.licindia.in/documents/annual-report-2024-25.pdf",
    "title": "LIC Annual Report 2024-25",
    "content": "\nLife Insurance Corporation of India - Annual Report 2024-25\n\nChairman's Message:\nLIC continues to be the market leader in life insurance in India with comprehensive coverage and customer-centric approach.\n\nKey Highlights:\n- Total premium income: Rs. 2,85,000 crores\n- New business premium: Rs. 95,000 crores\n- Individual policies issued: 1.2 crore\n- Corporate governance initiatives and digital transformation\n\nBusiness Operations:\nLIC offers a wide range of life insurance products including term insurance, endowment plans, pension plans, and unit-linked insurance plans.\n                ",
    "source_type": "life_insurance",
    "website": "https://www.licindia.in",
    "document_links": [
      "https://www.licindia.in/documents/annual-report-2024-25.pdf",
      "https://www.licindia.in/investor-relations/annual-reports"
    ],
    "metadata": {
      "scraped_at": "2025-07-19 01:09:11",
      "depth": 0,
      "source_website": "https://www.licindia.in",
      "content_length": 591,
      "document_count": 2,
      "keywords_found": [],
      "document_links": [
        "https://www.licindia.in/documents/annual-report-2024-25.pdf",
        "https://www.licindia.in/investor-relations/annual-reports"
      ],
      "report_type": "Annual Report",
      "year": "2024-25"
    }
  },
  {
    "url": "https://www.licindia.in/documents/corporate-governance-policy.pdf",
    "title": "LIC Corporate Governance Policy",
    "content": "\nLIC Corporate Governance Policy\n\nLIC is committed to maintaining highest standards of corporate governance through:\n\nBoard Structure:\n- Independent directors representation\n- Board committees for audit, risk, and nomination\n- Regular board meetings and performance evaluation\n\nRisk Management:\n- Comprehensive risk management framework\n- Investment risk assessment\n- Operational risk controls\n\nStakeholder Engagement:\n- Transparent communication with policyholders\n- Regular disclosure of financial performance\n- Customer grievance redressal mechanism\n                ",
    "source_type": "life_insurance",
    "website": "https://www.licindia.in",
    "document_links": [
      "https://www.licindia.in/documents/corporate-governance-policy.pdf",
      "https://www.licindia.in/corporate-governance"
    ],
    "metadata": {
      "scraped_at": "2025-07-19 01:09:11",
      "depth": 0,
      "source_website": "https://www.licindia.in",
      "content_length": 569,
      "document_count": 2,
      "keywords_found": [],
      "document_links": [
        "https://www.licindia.in/documents/corporate-governance-policy.pdf",
        "https://www.licindia.in/corporate-governance"
      ],
      "policy_type": "Corporate Governance"
    }
  },
  {
    "url": "https://www.hdfclife.com/content/dam/hdfclifeinsurancecompany/about-us/annual-report-2024-25.pdf",
    "title": "HDFC Life Annual Report 2024-25",
    "content": "\nHDFC Life Insurance Company Limited - Annual Report 2024-25\n\nManaging Director's Review:\nHDFC Life continues to strengthen its position as one of India's leading private life insurers with focus on innovation and customer experience.\n\nFinancial Performance:\n- Total premium income: Rs. 55,000 crores\n- New business premium: Rs. 18,000 crores\n- Assets under management: Rs. 2,10,000 crores\n\nProduct Portfolio:\n- Individual protection plans\n- Savings and investment plans\n- Retirement solutions\n- Group insurance products\n\nThe company maintains strong solvency ratio and continues digital transformation initiatives.\n                ",
    "source_type": "life_insurance",
    "website": "https://www.hdfclife.com",
    "document_links": [
      "https://www.hdfclife.com/content/dam/hdfclifeinsurancecompany/about-us/annual-report-2024-25.pdf",
      "https://www.hdfclife.com/about-us/investor-relations/annual-reports"
    ],
    "metadata": {
      "scraped_at": "2025-07-19 01:09:11",
      "depth": 0,
      "source_website": "https://www.hdfclife.com",
      "content_length": 632,
      "document_count": 2,
      "keywords_found": [],
      "document_links": [
        "https://www.hdfclife.com/content/dam/hdfclifeinsurancecompany/about-us/annual-report-2024-25.pdf",
        "https://www.hdfclife.com/about-us/investor-relations/annual-reports"
      ],
      "report_type": "Annual Report",
      "company": "HDFC Life"
    }
  },
  {
    "url": "https://www.newindia.co.in/assets/docs/surveyor_management_policy/SURVEYORS-MANAGEMENT-POLICY-2025.pdf",
    "title": "New India Assurance Surveyor Management Policy 2025",
    "content": "\nThe New India Assurance Company Limited - Surveyor Management Policy 2025\n\nObjective:\nTo establish comprehensive guidelines for empanelment, management, and performance evaluation of surveyors.\n\nSurveyor Categories:\n1. Individual Surveyors\n2. Surveying Companies\n3. Specialized Surveyors (Marine, Aviation, etc.)\n\nEmpanelment Process:\n- Qualification requirements\n- Experience criteria\n- Application and evaluation process\n- Renewal procedures\n\nPerformance Monitoring:\n- Quality assessment parameters\n- Customer feedback mechanism\n- Performance rating system\n- Corrective action framework\n\nThe policy ensures efficient claim settlement through qualified surveyor network.\n                ",
    "source_type": "general_insurance",
    "website": "https://www.newindia.co.in",
    "document_links": [
      "https://www.newindia.co.in/assets/docs/surveyor_management_policy/SURVEYORS-MANAGEMENT-POLICY-2025.pdf",
      "https://www.newindia.co.in/assets/docs/surveyor_management_policy/Application-Form-empanelment-SMP-25-26.docx"
    ],
    "metadata": {
      "scraped_at": "2025-07-19 01:09:11",
      "depth": 0,
      "source_website": "https://www.newindia.co.in",
      "content_length": 689,
      "document_count": 2,
      "keywords_found": [],
      "document_links": [
        "https://www.newindia.co.in/assets/docs/surveyor_management_policy/SURVEYORS-MANAGEMENT-POLICY-2025.pdf",
        "https://www.newindia.co.in/assets/docs/surveyor_management_policy/Application-Form-empanelment-SMP-25-26.docx"
      ],
      "policy_type": "Surveyor Management",
      "year": "2025"
    }
  }
]